{"cameraMode":{"drawMode":0,"name":"Shaded","section":"Shading Mode"},"sceneLighting":true,"audioPlay":false,"sceneViewState":{"m_AlwaysRefresh":false,"showFog":true,"showSkybox":true,"showFlares":true,"showImageEffects":true,"showParticleSystems":true,"showVisualEffectGraphs":true,"m_FxEnabled":true},"in2DMode":false,"pivot":{"x":-4.236419677734375,"y":1.894932508468628,"z":0.1593160629272461},"rotation":{"x":0.22696787118911744,"y":0.16760459542274476,"z":-0.03968546539545059,"w":0.9585520029067993},"size":27.02056884765625,"orthographic":true}