{"cameraMode":{"drawMode":0,"name":"Shaded","section":"Shading Mode"},"sceneLighting":true,"audioPlay":false,"sceneViewState":{"m_AlwaysRefresh":false,"showFog":true,"showSkybox":true,"showFlares":true,"showImageEffects":true,"showParticleSystems":true,"showVisualEffectGraphs":true,"m_FxEnabled":true},"in2DMode":false,"pivot":{"x":-0.017341256141662599,"y":0.8363714814186096,"z":0.01012122631072998},"rotation":{"x":0.26817989349365237,"y":-0.17083410918712617,"z":0.048385076224803928,"w":0.9468668103218079},"size":19.670347213745118,"orthographic":true}