{"cameraMode":{"drawMode":0,"name":"Shaded","section":"Shading Mode"},"sceneLighting":false,"audioPlay":false,"sceneViewState":{"m_AlwaysRefresh":false,"showFog":true,"showSkybox":false,"showFlares":true,"showImageEffects":true,"showParticleSystems":true,"showVisualEffectGraphs":true,"m_FxEnabled":true},"in2DMode":false,"pivot":{"x":0.6721226572990418,"y":0.295748233795166,"z":-0.22742748260498048},"rotation":{"x":0.0059990729205310349,"y":-0.01949843019247055,"z":0.00011514081415953115,"w":0.999796450138092},"size":3.2092134952545168,"orthographic":true}