{"cameraMode":{"drawMode":0,"name":"Shaded","section":"Shading Mode"},"sceneLighting":false,"audioPlay":false,"sceneViewState":{"m_AlwaysRefresh":false,"showFog":true,"showSkybox":false,"showFlares":true,"showImageEffects":true,"showParticleSystems":true,"showVisualEffectGraphs":true,"m_FxEnabled":true},"in2DMode":false,"pivot":{"x":1.19785737991333,"y":0.3225867748260498,"z":0.18342876434326173},"rotation":{"x":-0.002999995369464159,"y":0.005999845452606678,"z":0.000017902875697473064,"w":0.9999786615371704},"size":11.110897064208985,"orthographic":true}