{"cameraMode":{"drawMode":0,"name":"Shaded","section":"Shading Mode"},"sceneLighting":false,"audioPlay":false,"sceneViewState":{"m_AlwaysRefresh":false,"showFog":true,"showSkybox":false,"showFlares":true,"showImageEffects":true,"showParticleSystems":true,"showVisualEffectGraphs":true,"m_FxEnabled":true},"in2DMode":false,"pivot":{"x":935.1390380859375,"y":520.1527709960938,"z":7.17681884765625},"rotation":{"x":0.07188469171524048,"y":0.03889092803001404,"z":-0.0027962513267993929,"w":0.9966609477996826},"size":282.8790588378906,"orthographic":true}