{"cameraMode":{"drawMode":0,"name":"Shaded","section":"Shading Mode"},"sceneLighting":false,"audioPlay":false,"sceneViewState":{"m_AlwaysRefresh":false,"showFog":true,"showSkybox":false,"showFlares":true,"showImageEffects":true,"showParticleSystems":true,"showVisualEffectGraphs":true,"m_FxEnabled":true},"in2DMode":false,"pivot":{"x":268.0910949707031,"y":971.949951171875,"z":90.00027465820313},"rotation":{"x":-0.007499847561120987,"y":0.005999741610139608,"z":0.00004491316940402612,"w":0.9999547600746155},"size":289.0469970703125,"orthographic":true}